Alpha-2 code,Alpha-3 code,Latitude (average),Longitude (average),not independent country/contesteted territory,ENG,FIN
AF,AFG,33,65,,Afghanistan,Afganistan
AL,ALB,41,20,,Albania,Albania
DZ,DZA,28,3,,Algeria,Algeria
AS,ASM,-14.3333,-170,1,American Samoa,Amerikan Samoa
AD,AND,42.5,1.6,,Andorra,Andorra
AO,AGO,-12.5,18.5,,Angola,Angola
AI,AIA,18.25,-63.1667,1,Anguilla,Anguilla
AQ,ATA,-90,0,1,Antarctica,Etelämanner
AG,ATG,17.05,-61.8,,Antigua and Barbuda,Antigua ja Barbuda
AR,ARG,-34,-64,,Argentina,Argentiina
AM,ARM,40,45,,Armenia,Armenia
AW,ABW,12.5,-69.9667,1,Aruba,Aruba
AU,AUS,-27,133,,Australia,Australia
AT,AUT,47.3333,13.3333,,Austria,Itävalta
AZ,AZE,40.5,47.5,,Azerbaijan,Azerbaidžan
BS,BHS,24.25,-76,,Bahamas,Bahama
BH,BHR,26,50.55,,Bahrain,Bahrain
BD,BGD,24,90,,Bangladesh,Bangladesh
BB,BRB,13.1667,-59.5333,,Barbados,Barbados
BY,BLR,53,28,,Belarus,Valko-Venäjä
BE,BEL,50.8333,4,,Belgium,Belgia
BZ,BLZ,17.25,-88.75,,Belize,Belize
BJ,BEN,9.5,2.25,,Benin,Benin
BM,BMU,32.3333,-64.75,1,Bermuda,Bermuda
BT,BTN,27.5,90.5,,Bhutan,Bhutan
BO,BOL,-17,-65,,Bolivia,Bolivia
BA,BIH,44,18,,Bosnia and Herzegovina,Bosnia ja Hertsegovina
BW,BWA,-22,24,,Botswana,Botswana
BV,BVT,-54.4333,3.4,1,Bouvet Island,Bouvet’nsaari
BR,BRA,-10,-55,,Brazil,Brasilia
IO,IOT,-6,71.5,1,British Indian Ocean Territory,Brittiläinen Intian Valtameren alue
BN,BRN,4.5,114.6667,,Brunei Darussalam,Brunei
BG,BGR,43,25,,Bulgaria,Bulgaria
BF,BFA,13,-2,,Burkina Faso,Burkina Faso
BI,BDI,-3.5,30,,Burundi,Burundi
KH,KHM,13,105,,Cambodia,Kambodža
CM,CMR,6,12,,Cameroon,Kamerun
CA,CAN,60,-95,,Canada,Kanada
CV,CPV,16,-24,,Cape Verde,Kap Verde
KY,CYM,19.5,-80.5,1,Cayman Islands,Caymansaaret
CF,CAF,7,21,,Central African Republic,Keski-Afrikan tasavalta
TD,TCD,15,19,,Chad,Tšad
CL,CHL,-30,-71,,Chile,Chile
CN,CHN,35,105,,China,Kiina
CX,CXR,-10.5,105.6667,1,Christmas Island,Joulusaari
CC,CCK,-12.5,96.8333,1,Cocos Islands,Kookossaaret
CO,COL,4,-72,,Colombia,Kolumbia
KM,COM,-12.1667,44.25,,Comoros,Komorit
CG,COG,-1,15,,Republic of the Congo,Kongon tasavalta
CD,COD,0,25,,Democratic Republic of the Congo,Kongon demokraattinen tasavalta
CK,COK,-21.2333,-159.7667,1,Cook Islands,Cookin saaret
CR,CRI,10,-84,,Costa Rica,Costa Rica
CI,CIV,8,-5,,Ivory Coast,Norsunluurannikko
HR,HRV,45.1667,15.5,,Croatia,Kroatia
CU,CUB,21.5,-80,,Cuba,Kuuba
CY,CYP,35,33,,Cyprus,Kypros
CZ,CZE,49.75,15.5,,Czech Republic,Tšekki
DK,DNK,56,10,,Denmark,Tanska
DJ,DJI,11.5,43,,Djibouti,Djibouti
DM,DMA,15.4167,-61.3333,,Dominica,Dominica
DO,DOM,19,-70.6667,,Dominican Republic,Dominikaaninen tasavalta
EC,ECU,-2,-77.5,,Ecuador,Ecuador
EG,EGY,27,30,,Egypt,Egypti
SV,SLV,13.8333,-88.9167,,El Salvador,El Salvador
GQ,GNQ,2,10,,Equatorial Guinea,Päiväntasaajan Guinea
ER,ERI,15,39,,Eritrea,Eritrea
EE,EST,59,26,,Estonia,Viro
ET,ETH,8,38,,Ethiopia,Etiopia
FK,FLK,-51.75,-59,1,Falkland Islands (Malvinas),Falklandinsaaret
FO,FRO,62,-7,1,Faroe Islands,Färsaaret
FJ,FJI,-18,175,,Fiji,Fidži
FI,FIN,64,26,,Finland,Suomi
FR,FRA,46,2,,France,Ranska
PF,PYF,-15,-140,1,French Polynesia,Ranskan Polynesia
TF,ATF,-43,67,1,French Southern Territories,Ranskan Eteläiset alueet
GA,GAB,-1,11.75,,Gabon,Gabon
GM,GMB,13.4667,-16.5667,,Gambia,Gambia
GE,GEO,42,43.5,,Georgia,Georgia
DE,DEU,51,9,,Germany,Saksa
GH,GHA,8,-2,,Ghana,Ghana
GI,GIB,36.1833,-5.3667,1,Gibraltar,Gibraltar
GR,GRC,39,22,,Greece,Kreikka
GL,GRL,72,-40,1,Greenland,Grönlanti
GD,GRD,12.1167,-61.6667,,Grenada,Grenada
GP,GLP,16.25,-61.5833,1,Guadeloupe,Guadeloupe
GU,GUM,13.4667,144.7833,1,Guam,Guam
GT,GTM,15.5,-90.25,,Guatemala,Guatemala
GG,GGY,49.5,-2.56,1,Guernsey,Guernsey
GN,GIN,11,-10,,Guinea,Guinea
GW,GNB,12,-15,,Guinea-Bissau,Guinea-Bissau
GY,GUY,5,-59,,Guyana,Guyana
HT,HTI,19,-72.4167,,Haiti,Haiti
HM,HMD,-53.1,72.5167,1,Heard Island and McDonald Islands,Heard ja McDonaldinsaaret
VA,VAT,41.9,12.45,,Vatican City State,Vatikaanivaltio
HN,HND,15,-86.5,,Honduras,Honduras
HK,HKG,22.25,114.1667,1,Hong Kong,Hongkong
HU,HUN,47,20,,Hungary,Unkari
IS,ISL,65,-18,,Iceland,Islanti
IN,IND,20,77,,India,Intia
ID,IDN,-5,120,,Indonesia,Indonesia
IR,IRN,32,53,,Iran,Iran
IQ,IRQ,33,44,,Iraq,Irak
IE,IRL,53,-8,,Ireland,Irlanti
IM,IMN,54.23,-4.55,1,Isle of Man,mansaari
IL,ISR,31.5,34.75,,Israel,Israel
IT,ITA,42.8333,12.8333,,Italy,Italia
JM,JAM,18.25,-77.5,,Jamaica,Jamaika
JP,JPN,36,138,,Japan,Japani
JE,JEY,49.21,-2.13,1,Jersey,jersey
JO,JOR,31,36,,Jordan,Jordania
KZ,KAZ,48,68,,Kazakhstan,Kazakstan
KE,KEN,1,38,,Kenya,Kenia
XK,XKX,42.5,21,,Kosovo,Kosovo
KI,KIR,1.4167,173,,Kiribati,Kiribati
KP,PRK,40,127,,North Korea,Pohjois-Korea
KR,KOR,37,127.5,,South Korea,Etelä-Korea
KW,KWT,29.3375,47.6581,,Kuwait,Kuwait
KG,KGZ,41,75,,Kyrgyzstan,Kirgisia
LA,LAO,18,105,,Laos,Laos
LV,LVA,57,25,,Latvia,Latvia
LB,LBN,33.8333,35.8333,,Lebanon,Libanon
LS,LSO,-29.5,28.5,,Lesotho,Lesotho
LR,LBR,6.5,-9.5,,Liberia,Liberia
LY,LBY,25,17,,Libya,Libya
LI,LIE,47.1667,9.5333,,Liechtenstein,Liechtenstein
LT,LTU,56,24,,Lithuania,Liettua
LU,LUX,49.75,6.1667,,Luxembourg,Luxemburg
MO,MAC,22.1667,113.55,1,Macao,Macao
MK,MKD,41.8333,22,,Macedonia,Makedonia
MG,MDG,-20,47,,Madagascar,Madagaskar
MW,MWI,-13.5,34,,Malawi,Malawi
MY,MYS,2.5,112.5,,Malaysia,Malesia
MV,MDV,3.25,73,,Maldives,Malediivit
ML,MLI,17,-4,,Mali,Mali
MT,MLT,35.8333,14.5833,,Malta,Malta
MH,MHL,9,168,,Marshall Islands,Marshallinsaaret
MQ,MTQ,14.6667,-61,1,Martinique,Martinique
MR,MRT,20,-12,,Mauritania,Mauritania
MU,MUS,-20.2833,57.55,,Mauritius,Mauritius
YT,MYT,-12.8333,45.1667,1,Mayotte,Mayotte
MX,MEX,23,-102,,Mexico,Meksiko
FM,FSM,6.9167,158.25,,Micronesia,Mikronesia
MD,MDA,47,29,,Moldova,Moldova
MC,MCO,43.7333,7.4,,Monaco,Monaco
MN,MNG,46,105,,Mongolia,Mongolia
ME,MNE,42,19,,Montenegro,Montenegro
MS,MSR,16.75,-62.2,1,Montserrat,Montserrat
MA,MAR,32,-5,,Morocco,Marokko
MZ,MOZ,-18.25,35,,Mozambique,Mosambik
MM,MMR,22,98,,Myanmar,Myanmar
NA,NAM,-22,17,,Namibia,Namibia
NR,NRU,-0.5333,166.9167,,Nauru,Nauru
NP,NPL,28,84,,Nepal,Nepal
NL,NLD,52.5,5.75,,Netherlands,Alankomaat
NC,NCL,-21.5,165.5,1,New Caledonia,Uusi-Kaledonia
NZ,NZL,-41,174,,New Zealand,Uusi-Seelanti
NI,NIC,13,-85,,Nicaragua,Nicaragua
NE,NER,16,8,,Niger,Niger
NG,NGA,10,8,,Nigeria,Nigeria
NU,NIU,-19.0333,-169.8667,1,Niue,Niue
NF,NFK,-29.0333,167.95,1,Norfolk Island,Norfolkinsaari
MP,MNP,15.2,145.75,1,Northern Mariana Islands,Pohjois-Mariaanit
NO,NOR,62,10,,Norway,Norja
OM,OMN,21,57,,Oman,Oman
PK,PAK,30,70,,Pakistan,Pakistan
PW,PLW,7.5,134.5,,Palau,Palau
PS,PSE,32,35.25,2,Palestine,Palestiina
PA,PAN,9,-80,,Panama,Panama
PG,PNG,-6,147,,Papua New Guinea,Papua-Uusi-Guinea
PY,PRY,-23,-58,,Paraguay,Paraguay
PE,PER,-10,-76,,Peru,Peru
PH,PHL,13,122,,Philippines,Filippiinit
PN,PCN,-24.7,-127.4,1,Pitcairn,Pitcairn
PL,POL,52,20,,Poland,Puola
PT,PRT,39.5,-8,,Portugal,Portugali
PR,PRI,18.25,-66.5,1,Puerto Rico,Puerto Rico
QA,QAT,25.5,51.25,,Qatar,Qatar
RE,REU,-21.1,55.6,1,Réunion,Réunion
RO,ROU,46,25,,Romania,Romania
RU,RUS,60,100,,Russia,Venäjä
RW,RWA,-2,30,,Rwanda,Ruanda
SH,SHN,-15.9333,-5.7,1,Saint Helena Ascension and Tristan da Cunha,Saint Helena Ascension ja Tristan da Cunha
KN,KNA,17.3333,-62.75,,Saint Kitts and Nevis,Saint Kitts ja Nevis
LC,LCA,13.8833,-61.1333,,Saint Lucia,Saint Lucia
PM,SPM,46.8333,-56.3333,1,Saint Pierre and Miquelon,Saint-Pierre ja Miquelon
VC,VCT,13.25,-61.2,,Saint Vincent and the Grenadines,Saint Vincent ja Grenadiinit
WS,WSM,-13.5833,-172.3333,,Samoa,Samoa
SM,SMR,43.7667,12.4167,,San Marino,San Marino
ST,STP,1,7,,Sao Tome and Principe,São Tomé ja Príncipe
SA,SAU,25,45,,Saudi Arabia,Saudi-Arabia
SN,SEN,14,-14,,Senegal,Senegal
RS,SRB,44,21,,Serbia,Serbia
SC,SYC,-4.5833,55.6667,,Seychelles,Seychelles
SL,SLE,8.5,-11.5,,Sierra Leone,Sierra Leone
SG,SGP,1.3667,103.8,,Singapore,Singapore
SK,SVK,48.6667,19.5,,Slovakia,Slovakia
SI,SVN,46,15,,Slovenia,Slovenia
SB,SLB,-8,159,,Solomon Islands,Salomonsaaret
SO,SOM,10,49,,Somalia,Somalia
ZA,ZAF,-29,24,,South Africa,Etelä-Afrikka
GS,SGS,-54.5,-37,1,South Georgia and the South Sandwich Islands,Etelä-Georgia ja Eteläiset Sandwichsaaret
ES,ESP,40,-4,,Spain,Espanja
LK,LKA,7,81,,Sri Lanka,Sri Lanka
SD,SDN,15,30,,Sudan,Sudan
SS,SSD,7,30,,South Sudan,Etelä-Sudan
SR,SUR,4,-56,,Suriname,Suriname
SJ,SJM,78,20,1,Svalbard and Jan Mayen,Huippuvuoret ja Jan Mayen
SZ,SWZ,-26.5,31.5,,Swaziland,Swazimaa
SE,SWE,62,15,,Sweden,Ruotsi
CH,CHE,47,8,,Switzerland,Sveitsi
SY,SYR,35,38,,Syria,Syyria
TW,TWN,23.5,121,,Taiwan,Taiwan
TJ,TJK,39,71,,Tajikistan,Tadžikistan
TZ,TZA,-6,35,,Tanzania,Tansania
TH,THA,15,100,,Thailand,Thaimaa
TL,TLS,-8.55,125.5167,,Timor-Leste,Itä-Timor
TG,TGO,8,1.1667,,Togo,Togo
TK,TKL,-9,-172,1,Tokelau,Tokelau
TO,TON,-20,-175,,Tonga,Tonga
TT,TTO,11,-61,,Trinidad and Tobago,Trinidad ja Tobago
TN,TUN,34,9,,Tunisia,Tunisia
TR,TUR,39,35,,Turkey,Turkki
TM,TKM,40,60,,Turkmenistan,Turkmenistan
TC,TCA,21.75,-71.5833,1,Turks and Caicos Islands,Turks- ja Caicossaaret
TV,TUV,-8,178,,Tuvalu,Tuvalu
UG,UGA,1,32,,Uganda,Uganda
UA,UKR,49,32,,Ukraine,Ukraina
AE,ARE,24,54,,United Arab Emirates,Yhdistyneet arabiemiirikunnat
GB,GBR,54,-2,,United Kingdom,Yhdistynyt kuningaskunta
US,USA,38,-97,,United States,Yhdysvallat
UM,UMI,19.2833,166.6,1,United States Minor Outlying Islands,Yhdysvaltain pienet erillissaaret
UY,URY,-33,-56,,Uruguay,Uruguay
UZ,UZB,41,64,,Uzbekistan,Uzbekistan
VU,VUT,-16,167,,Vanuatu,Vanuatu
VE,VEN,8,-66,,Venezuela,Venezuela
VN,VNM,16,106,,Vietnam,Vietnam
VG,VGB,18.5,-64.5,1,(British) Virgin Islands,Brittiläiset Neitsytsaaret
VI,VIR,18.3333,-64.8333,1,(U.S.) Virgin Islands,Yhdysvaltain Neitsytsaaret
WF,WLF,-13.3,-176.2,1,Wallis and Futuna,Wallis ja Futuna
EH,ESH,24.5,-13,2,Western Sahara,Länsi-Sahara
YE,YEM,15,48,,Yemen,Jemen
ZM,ZMB,-15,30,,Zambia,Sambia
ZW,ZWE,-20,30,,Zimbabwe,Zimbabwe
